{
    "Version": 1,
    "Name": "JK Rabbit",
    "ModelID": "f4164104894c4c45aa3575f3fe905155",
    "FileReferences": {
        "Icon": "",
        "Model": "JK Rabbit.model3.json",
        "IdleAnimation": "standby.motion3.json",
        "IdleAnimationWhenTrackingLost": "sleep.motion3.json"
    },
    "ModelSaveMetadata": {
        "LastSavedVTubeStudioVersion": "1.31.4",
        "LastSavedPlatform": "Steam",
        "LastSavedDateUTC": "Saturday, 15 February 2025, 11:45:52",
        "LastSavedDateLocalTime": "Saturday, 15 February 2025, 19:45:52",
        "LastSavedDateUnixMillisecondTimestamp": "1739619952142"
    },
    "SavedModelPosition": {
        "Position": {
            "x": 0.0,
            "y": 0.0,
            "z": 0.0
        },
        "Rotation": {
            "x": 0.0,
            "y": 0.0,
            "z": 0.0,
            "w": 1.0
        },
        "Scale": {
            "x": 1.0,
            "y": 1.0,
            "z": 1.0
        }
    },
    "ModelPositionMovement": {
        "Use": false,
        "X": 6,
        "Y": 8,
        "Z": 11,
        "SmoothingX": 10,
        "SmoothingY": 10,
        "SmoothingZ": 10
    },
    "ItemSettings": {
        "OnlyMoveWhenPinned": false,
        "AllowNormalHotkeyTriggers": true,
        "Multiplier_HeadAngleX": 1.0,
        "Multiplier_HeadAngleY": 1.0,
        "Multiplier_HeadAngleZ": 1.0,
        "Shift_HeadAngleX": 0.0,
        "Shift_HeadAngleY": 0.0,
        "Smoothing_HeadAngleX": 15.0,
        "Smoothing_HeadAngleY": 15.0,
        "Smoothing_HeadAngleZ": 15.0
    },
    "PhysicsSettings": {
        "Use": true,
        "UseLegacyPhysics": false,
        "Live2DPhysicsFPS": 3,
        "PhysicsStrength": 50,
        "WindStrength": 0,
        "DraggingPhysicsStrength": 0
    },
    "GeneralSettings": {
        "TimeUntilTrackingLostIdleAnimation": 0.5,
        "WorkshopSharingForbidden": true,
        "EnableExpressionSaving": false
    },
    "ParameterSettings": [
        {
            "Folder": "",
            "Name": "Face Left/Right Rotation",
            "Input": "FaceAngleX",
            "InputRangeLower": -30.0,
            "InputRangeUpper": 30.0,
            "OutputRangeLower": -30.0,
            "OutputRangeUpper": 30.0,
            "ClampInput": false,
            "ClampOutput": false,
            "UseBlinking": false,
            "UseBreathing": false,
            "OutputLive2D": "ParamAngleX",
            "Smoothing": 15,
            "Minimized": false
        },
        {
            "Folder": "",
            "Name": "Face Up/Down Rotation",
            "Input": "FaceAngleY",
            "InputRangeLower": -20.0,
            "InputRangeUpper": 20.0,
            "OutputRangeLower": -30.0,
            "OutputRangeUpper": 30.0,
            "ClampInput": false,
            "ClampOutput": false,
            "UseBlinking": false,
            "UseBreathing": false,
            "OutputLive2D": "ParamAngleY",
            "Smoothing": 15,
            "Minimized": false
        },
        {
            "Folder": "",
            "Name": "Face Lean Rotation",
            "Input": "FaceAngleZ",
            "InputRangeLower": -30.0,
            "InputRangeUpper": 30.0,
            "OutputRangeLower": -30.0,
            "OutputRangeUpper": 30.0,
            "ClampInput": false,
            "ClampOutput": false,
            "UseBlinking": false,
            "UseBreathing": false,
            "OutputLive2D": "ParamAngleZ",
            "Smoothing": 30,
            "Minimized": false
        },
        {
            "Folder": "",
            "Name": "Body Rotation X",
            "Input": "FaceAngleX",
            "InputRangeLower": -30.0,
            "InputRangeUpper": 30.0,
            "OutputRangeLower": -10.0,
            "OutputRangeUpper": 10.0,
            "ClampInput": false,
            "ClampOutput": false,
            "UseBlinking": false,
            "UseBreathing": false,
            "OutputLive2D": "ParamBodyAngleX",
            "Smoothing": 20,
            "Minimized": false
        },
        {
            "Folder": "",
            "Name": "Body Rotation Y",
            "Input": "FaceAngleY",
            "InputRangeLower": -30.0,
            "InputRangeUpper": 30.0,
            "OutputRangeLower": -10.0,
            "OutputRangeUpper": 10.0,
            "ClampInput": false,
            "ClampOutput": false,
            "UseBlinking": false,
            "UseBreathing": false,
            "OutputLive2D": "ParamBodyAngleY",
            "Smoothing": 20,
            "Minimized": false
        },
        {
            "Folder": "",
            "Name": "Body Rotation Z",
            "Input": "FaceAngleZ",
            "InputRangeLower": -30.0,
            "InputRangeUpper": 30.0,
            "OutputRangeLower": -10.0,
            "OutputRangeUpper": 10.0,
            "ClampInput": false,
            "ClampOutput": false,
            "UseBlinking": false,
            "UseBreathing": false,
            "OutputLive2D": "ParamBodyAngleZ",
            "Smoothing": 20,
            "Minimized": false
        },
        {
            "Folder": "",
            "Name": "Eye Open Left",
            "Input": "EyeOpenLeft",
            "InputRangeLower": 0.0,
            "InputRangeUpper": 1.0,
            "OutputRangeLower": 0.0,
            "OutputRangeUpper": 1.899999976158142,
            "ClampInput": false,
            "ClampOutput": false,
            "UseBlinking": false,
            "UseBreathing": false,
            "OutputLive2D": "ParamEyeLOpen",
            "Smoothing": 10,
            "Minimized": false
        },
        {
            "Folder": "",
            "Name": "Eye Smile Left",
            "Input": "MouthSmile",
            "InputRangeLower": 0.0,
            "InputRangeUpper": 1.0,
            "OutputRangeLower": 0.0,
            "OutputRangeUpper": 1.0,
            "ClampInput": false,
            "ClampOutput": false,
            "UseBlinking": false,
            "UseBreathing": false,
            "OutputLive2D": "ParamEyeLSmile",
            "Smoothing": 10,
            "Minimized": false
        },
        {
            "Folder": "",
            "Name": "Eye Open Right",
            "Input": "EyeOpenRight",
            "InputRangeLower": 0.0,
            "InputRangeUpper": 1.0,
            "OutputRangeLower": 0.0,
            "OutputRangeUpper": 1.899999976158142,
            "ClampInput": false,
            "ClampOutput": false,
            "UseBlinking": false,
            "UseBreathing": false,
            "OutputLive2D": "ParamEyeROpen",
            "Smoothing": 10,
            "Minimized": false
        },
        {
            "Folder": "",
            "Name": "Eye Smile Right",
            "Input": "MouthSmile",
            "InputRangeLower": 0.0,
            "InputRangeUpper": 1.0,
            "OutputRangeLower": 0.0,
            "OutputRangeUpper": 1.0,
            "ClampInput": false,
            "ClampOutput": false,
            "UseBlinking": false,
            "UseBreathing": false,
            "OutputLive2D": "ParamEyeRSmile",
            "Smoothing": 10,
            "Minimized": false
        },
        {
            "Folder": "",
            "Name": "Brow Height Left",
            "Input": "Brows",
            "InputRangeLower": 0.0,
            "InputRangeUpper": 1.0,
            "OutputRangeLower": -1.0,
            "OutputRangeUpper": 1.0,
            "ClampInput": false,
            "ClampOutput": false,
            "UseBlinking": false,
            "UseBreathing": false,
            "OutputLive2D": "ParamBrowLY",
            "Smoothing": 10,
            "Minimized": false
        },
        {
            "Folder": "",
            "Name": "Eye X",
            "Input": "EyeRightX",
            "InputRangeLower": -1.0,
            "InputRangeUpper": 1.0,
            "OutputRangeLower": 1.0,
            "OutputRangeUpper": -1.0,
            "ClampInput": false,
            "ClampOutput": false,
            "UseBlinking": false,
            "UseBreathing": false,
            "OutputLive2D": "ParamEyeBallX",
            "Smoothing": 8,
            "Minimized": false
        },
        {
            "Folder": "",
            "Name": "Eye Y",
            "Input": "EyeRightY",
            "InputRangeLower": -1.0,
            "InputRangeUpper": 1.0,
            "OutputRangeLower": -1.0,
            "OutputRangeUpper": 1.0,
            "ClampInput": false,
            "ClampOutput": false,
            "UseBlinking": false,
            "UseBreathing": false,
            "OutputLive2D": "ParamEyeBallY",
            "Smoothing": 8,
            "Minimized": false
        },
        {
            "Folder": "",
            "Name": "Mouth Smile",
            "Input": "MouthSmile",
            "InputRangeLower": 0.0,
            "InputRangeUpper": 1.0,
            "OutputRangeLower": -2.0,
            "OutputRangeUpper": 2.0,
            "ClampInput": false,
            "ClampOutput": false,
            "UseBlinking": false,
            "UseBreathing": false,
            "OutputLive2D": "ParamMouthForm",
            "Smoothing": 0,
            "Minimized": false
        },
        {
            "Folder": "",
            "Name": "Mouth Open",
            "Input": "MouthOpen",
            "InputRangeLower": 0.0,
            "InputRangeUpper": 1.0,
            "OutputRangeLower": 0.0,
            "OutputRangeUpper": 2.0999999046325685,
            "ClampInput": false,
            "ClampOutput": false,
            "UseBlinking": false,
            "UseBreathing": false,
            "OutputLive2D": "ParamMouthOpenY",
            "Smoothing": 0,
            "Minimized": false
        },
        {
            "Folder": "",
            "Name": "Auto Breath",
            "Input": "",
            "InputRangeLower": 0.0,
            "InputRangeUpper": 1.0,
            "OutputRangeLower": 0.0,
            "OutputRangeUpper": 1.0,
            "ClampInput": false,
            "ClampOutput": false,
            "UseBlinking": false,
            "UseBreathing": true,
            "OutputLive2D": "ParamBreath",
            "Smoothing": 0,
            "Minimized": false
        },
        {
            "Folder": "",
            "Name": "Brow Height Right",
            "Input": "Brows",
            "InputRangeLower": 0.0,
            "InputRangeUpper": 1.0,
            "OutputRangeLower": -1.0,
            "OutputRangeUpper": 1.0,
            "ClampInput": false,
            "ClampOutput": false,
            "UseBlinking": false,
            "UseBreathing": false,
            "OutputLive2D": "ParamBrowRY",
            "Smoothing": 10,
            "Minimized": false
        },
        {
            "Folder": "",
            "Name": "Brow Form Left",
            "Input": "Brows",
            "InputRangeLower": 0.0,
            "InputRangeUpper": 1.0,
            "OutputRangeLower": -1.0,
            "OutputRangeUpper": 1.0,
            "ClampInput": false,
            "ClampOutput": false,
            "UseBlinking": false,
            "UseBreathing": false,
            "OutputLive2D": "ParamBrowLForm",
            "Smoothing": 15,
            "Minimized": false
        },
        {
            "Folder": "",
            "Name": "Brow Form Right",
            "Input": "Brows",
            "InputRangeLower": 0.0,
            "InputRangeUpper": 1.0,
            "OutputRangeLower": -1.0,
            "OutputRangeUpper": 1.0,
            "ClampInput": false,
            "ClampOutput": false,
            "UseBlinking": false,
            "UseBreathing": false,
            "OutputLive2D": "ParamBrowRForm",
            "Smoothing": 15,
            "Minimized": false
        },
        {
            "Folder": "",
            "Name": "Blush when smiling",
            "Input": "MouthSmile",
            "InputRangeLower": 0.0,
            "InputRangeUpper": 1.0,
            "OutputRangeLower": 0.5,
            "OutputRangeUpper": 1.0,
            "ClampInput": false,
            "ClampOutput": false,
            "UseBlinking": false,
            "UseBreathing": false,
            "OutputLive2D": "ParamCheek",
            "Smoothing": 45,
            "Minimized": false
        },
        {
            "Folder": "",
            "Name": "write",
            "Input": "MousePositionX",
            "InputRangeLower": -1.0,
            "InputRangeUpper": 1.0,
            "OutputRangeLower": 0.0,
            "OutputRangeUpper": 1.0,
            "ClampInput": false,
            "ClampOutput": false,
            "UseBlinking": false,
            "UseBreathing": false,
            "OutputLive2D": "Param76",
            "Smoothing": 20,
            "Minimized": false
        },
        {
            "Folder": "",
            "Name": "mouthX",
            "Input": "MouthX",
            "InputRangeLower": -1.0,
            "InputRangeUpper": 1.0,
            "OutputRangeLower": -1.0,
            "OutputRangeUpper": 1.0,
            "ClampInput": false,
            "ClampOutput": false,
            "UseBlinking": false,
            "UseBreathing": false,
            "OutputLive2D": "Param93",
            "Smoothing": 20,
            "Minimized": false
        }
    ],
    "Hotkeys": [
        {
            "HotkeyID": "a850e1736ef641a6bccde9891c37dcbe",
            "Name": "chips slow",
            "Action": "TriggerAnimation",
            "File": "chips slow.motion3.json",
            "Folder": "",
            "Position": {
                "X": 0.0,
                "Y": 0.0,
                "Z": 0.0,
                "Rotation": 0.0
            },
            "ColorOverlay": {
                "On": false,
                "IsStaticColor": false,
                "Display": -1,
                "WindowName": "",
                "IncludeLeft": false,
                "IncludeMid": false,
                "IncludeRight": false,
                "BaseValue": 0,
                "OverlayValue": 0,
                "Smoothing": 0,
                "IncludeItems": false,
                "StaticColor": {
                    "r": 0.0,
                    "g": 0.0,
                    "b": 0.0,
                    "a": 1.0
                }
            },
            "ColorScreenMultiplyPreset": {
                "ArtMeshMultiplyAndScreenColors": []
            },
            "HandGestureSettings": {
                "GestureLeft": "",
                "GestureRight": "",
                "GestureCombinator": "AND",
                "AllowMirroredGesture": false,
                "DeactivateExpWhenGestureNotDetected": false,
                "SecondsUntilDetection": 0.5,
                "SecondsDetected": 0.0,
                "PercentDetected": 0.0
            },
            "LoadModelSettings": {
                "LoadAtCurrentPosition": true
            },
            "TwitchTriggers": {
                "Active": false,
                "CooldownActive": false,
                "CooldownSeconds": 30.0,
                "ResetActive": false,
                "HideModelResetDialog": false,
                "Active_GiftSubTrigger": false,
                "Active_BitTrigger": false,
                "Active_RedeemTrigger": false,
                "Active_TextCommandTrigger": false,
                "Active_SubTrigger": false,
                "Active_FollowTrigger": false,
                "Active_RaidTrigger": false,
                "Active_ShoutoutTrigger": false,
                "Active_AdbreakTrigger": false,
                "Trigger_TextCommandTrigger": "",
                "Trigger_Redeem_Name": "",
                "Trigger_Redeem_ID": "",
                "UseTextTriggerUserTypeRestriction": false,
                "RestrictTextTriggerTo": {
                    "Allowed_You": true,
                    "Allowed_Subs": false,
                    "Allowed_Mods": false,
                    "Allowed_VIPs": false,
                    "Allowed_Artists": false,
                    "Allowed_UserNames": false,
                    "UserNames": [],
                    "Allowed_UserIDs": false,
                    "UserIDs": []
                },
                "AllowRepeatedFollow": false,
                "Trigger_GiftSubTrigger": {
                    "Min": 1.0,
                    "Max": 100.0
                },
                "Trigger_BitTrigger": {
                    "Min": 100.0,
                    "Max": 3000.0
                }
            },
            "Triggers": {
                "Trigger1": "Space",
                "Trigger2": "N1",
                "Trigger3": "",
                "ScreenButton": -1
            },
            "IsGlobal": true,
            "IsActive": true,
            "Minimized": true,
            "StopsOnLastFrame": false,
            "DeactivateAfterKeyUp": false,
            "OnlyLoadOneRandomItem": false,
            "DeactivateAfterSeconds": false,
            "DeactivateAfterSecondsAmount": 10.0,
            "FadeSecondsAmount": 0.5,
            "OnScreenHotkeyColor": {
                "r": 1.0,
                "g": 1.0,
                "b": 1.0,
                "a": 1.0
            }
        },
        {
            "HotkeyID": "869d2c28e5ef4e9488bb2a840651032c",
            "Name": "chips fast",
            "Action": "TriggerAnimation",
            "File": "chips fast.motion3.json",
            "Folder": "",
            "Position": {
                "X": 0.0,
                "Y": 0.0,
                "Z": 0.0,
                "Rotation": 0.0
            },
            "ColorOverlay": {
                "On": false,
                "IsStaticColor": false,
                "Display": -1,
                "WindowName": "",
                "IncludeLeft": false,
                "IncludeMid": false,
                "IncludeRight": false,
                "BaseValue": 0,
                "OverlayValue": 0,
                "Smoothing": 0,
                "IncludeItems": false,
                "StaticColor": {
                    "r": 0.0,
                    "g": 0.0,
                    "b": 0.0,
                    "a": 1.0
                }
            },
            "ColorScreenMultiplyPreset": {
                "ArtMeshMultiplyAndScreenColors": []
            },
            "HandGestureSettings": {
                "GestureLeft": "",
                "GestureRight": "",
                "GestureCombinator": "AND",
                "AllowMirroredGesture": false,
                "DeactivateExpWhenGestureNotDetected": false,
                "SecondsUntilDetection": 0.5,
                "SecondsDetected": 0.0,
                "PercentDetected": 0.0
            },
            "LoadModelSettings": {
                "LoadAtCurrentPosition": true
            },
            "TwitchTriggers": {
                "Active": false,
                "CooldownActive": false,
                "CooldownSeconds": 30.0,
                "ResetActive": false,
                "HideModelResetDialog": false,
                "Active_GiftSubTrigger": false,
                "Active_BitTrigger": false,
                "Active_RedeemTrigger": false,
                "Active_TextCommandTrigger": false,
                "Active_SubTrigger": false,
                "Active_FollowTrigger": false,
                "Active_RaidTrigger": false,
                "Active_ShoutoutTrigger": false,
                "Active_AdbreakTrigger": false,
                "Trigger_TextCommandTrigger": "",
                "Trigger_Redeem_Name": "",
                "Trigger_Redeem_ID": "",
                "UseTextTriggerUserTypeRestriction": false,
                "RestrictTextTriggerTo": {
                    "Allowed_You": true,
                    "Allowed_Subs": false,
                    "Allowed_Mods": false,
                    "Allowed_VIPs": false,
                    "Allowed_Artists": false,
                    "Allowed_UserNames": false,
                    "UserNames": [],
                    "Allowed_UserIDs": false,
                    "UserIDs": []
                },
                "AllowRepeatedFollow": false,
                "Trigger_GiftSubTrigger": {
                    "Min": 1.0,
                    "Max": 100.0
                },
                "Trigger_BitTrigger": {
                    "Min": 100.0,
                    "Max": 3000.0
                }
            },
            "Triggers": {
                "Trigger1": "Space",
                "Trigger2": "N2",
                "Trigger3": "",
                "ScreenButton": -1
            },
            "IsGlobal": true,
            "IsActive": true,
            "Minimized": true,
            "StopsOnLastFrame": false,
            "DeactivateAfterKeyUp": false,
            "OnlyLoadOneRandomItem": false,
            "DeactivateAfterSeconds": false,
            "DeactivateAfterSecondsAmount": 10.0,
            "FadeSecondsAmount": 0.5,
            "OnScreenHotkeyColor": {
                "r": 1.0,
                "g": 1.0,
                "b": 1.0,
                "a": 1.0
            }
        },
        {
            "HotkeyID": "e84601203417477bb2d062d45ec14aa8",
            "Name": "= =",
            "Action": "ToggleExpression",
            "File": "= =.exp3.json",
            "Folder": "",
            "Position": {
                "X": 0.0,
                "Y": 0.0,
                "Z": 0.0,
                "Rotation": 0.0
            },
            "ColorOverlay": {
                "On": false,
                "IsStaticColor": false,
                "Display": -1,
                "WindowName": "",
                "IncludeLeft": false,
                "IncludeMid": false,
                "IncludeRight": false,
                "BaseValue": 0,
                "OverlayValue": 0,
                "Smoothing": 0,
                "IncludeItems": false,
                "StaticColor": {
                    "r": 0.0,
                    "g": 0.0,
                    "b": 0.0,
                    "a": 1.0
                }
            },
            "ColorScreenMultiplyPreset": {
                "ArtMeshMultiplyAndScreenColors": []
            },
            "HandGestureSettings": {
                "GestureLeft": "",
                "GestureRight": "",
                "GestureCombinator": "AND",
                "AllowMirroredGesture": false,
                "DeactivateExpWhenGestureNotDetected": false,
                "SecondsUntilDetection": 0.5,
                "SecondsDetected": 0.0,
                "PercentDetected": 0.0
            },
            "LoadModelSettings": {
                "LoadAtCurrentPosition": true
            },
            "TwitchTriggers": {
                "Active": false,
                "CooldownActive": false,
                "CooldownSeconds": 30.0,
                "ResetActive": false,
                "HideModelResetDialog": false,
                "Active_GiftSubTrigger": false,
                "Active_BitTrigger": false,
                "Active_RedeemTrigger": false,
                "Active_TextCommandTrigger": false,
                "Active_SubTrigger": false,
                "Active_FollowTrigger": false,
                "Active_RaidTrigger": false,
                "Active_ShoutoutTrigger": false,
                "Active_AdbreakTrigger": false,
                "Trigger_TextCommandTrigger": "",
                "Trigger_Redeem_Name": "",
                "Trigger_Redeem_ID": "",
                "UseTextTriggerUserTypeRestriction": false,
                "RestrictTextTriggerTo": {
                    "Allowed_You": true,
                    "Allowed_Subs": false,
                    "Allowed_Mods": false,
                    "Allowed_VIPs": false,
                    "Allowed_Artists": false,
                    "Allowed_UserNames": false,
                    "UserNames": [],
                    "Allowed_UserIDs": false,
                    "UserIDs": []
                },
                "AllowRepeatedFollow": false,
                "Trigger_GiftSubTrigger": {
                    "Min": 1.0,
                    "Max": 100.0
                },
                "Trigger_BitTrigger": {
                    "Min": 100.0,
                    "Max": 3000.0
                }
            },
            "Triggers": {
                "Trigger1": "",
                "Trigger2": "F10",
                "Trigger3": "",
                "ScreenButton": -1
            },
            "IsGlobal": true,
            "IsActive": true,
            "Minimized": true,
            "StopsOnLastFrame": false,
            "DeactivateAfterKeyUp": false,
            "OnlyLoadOneRandomItem": false,
            "DeactivateAfterSeconds": false,
            "DeactivateAfterSecondsAmount": 10.0,
            "FadeSecondsAmount": 0.5,
            "OnScreenHotkeyColor": {
                "r": 1.0,
                "g": 1.0,
                "b": 1.0,
                "a": 1.0
            }
        },
        {
            "HotkeyID": "6b221f0a8e5140ff927768a6aa2b2f04",
            "Name": "black",
            "Action": "ToggleExpression",
            "File": "black.exp3.json",
            "Folder": "",
            "Position": {
                "X": 0.0,
                "Y": 0.0,
                "Z": 0.0,
                "Rotation": 0.0
            },
            "ColorOverlay": {
                "On": false,
                "IsStaticColor": false,
                "Display": -1,
                "WindowName": "",
                "IncludeLeft": false,
                "IncludeMid": false,
                "IncludeRight": false,
                "BaseValue": 0,
                "OverlayValue": 0,
                "Smoothing": 0,
                "IncludeItems": false,
                "StaticColor": {
                    "r": 0.0,
                    "g": 0.0,
                    "b": 0.0,
                    "a": 1.0
                }
            },
            "ColorScreenMultiplyPreset": {
                "ArtMeshMultiplyAndScreenColors": []
            },
            "HandGestureSettings": {
                "GestureLeft": "",
                "GestureRight": "",
                "GestureCombinator": "AND",
                "AllowMirroredGesture": false,
                "DeactivateExpWhenGestureNotDetected": false,
                "SecondsUntilDetection": 0.5,
                "SecondsDetected": 0.0,
                "PercentDetected": 0.0
            },
            "LoadModelSettings": {
                "LoadAtCurrentPosition": true
            },
            "TwitchTriggers": {
                "Active": false,
                "CooldownActive": false,
                "CooldownSeconds": 30.0,
                "ResetActive": false,
                "HideModelResetDialog": false,
                "Active_GiftSubTrigger": false,
                "Active_BitTrigger": false,
                "Active_RedeemTrigger": false,
                "Active_TextCommandTrigger": false,
                "Active_SubTrigger": false,
                "Active_FollowTrigger": false,
                "Active_RaidTrigger": false,
                "Active_ShoutoutTrigger": false,
                "Active_AdbreakTrigger": false,
                "Trigger_TextCommandTrigger": "",
                "Trigger_Redeem_Name": "",
                "Trigger_Redeem_ID": "",
                "UseTextTriggerUserTypeRestriction": false,
                "RestrictTextTriggerTo": {
                    "Allowed_You": true,
                    "Allowed_Subs": false,
                    "Allowed_Mods": false,
                    "Allowed_VIPs": false,
                    "Allowed_Artists": false,
                    "Allowed_UserNames": false,
                    "UserNames": [],
                    "Allowed_UserIDs": false,
                    "UserIDs": []
                },
                "AllowRepeatedFollow": false,
                "Trigger_GiftSubTrigger": {
                    "Min": 1.0,
                    "Max": 100.0
                },
                "Trigger_BitTrigger": {
                    "Min": 100.0,
                    "Max": 3000.0
                }
            },
            "Triggers": {
                "Trigger1": "",
                "Trigger2": "F9",
                "Trigger3": "",
                "ScreenButton": -1
            },
            "IsGlobal": true,
            "IsActive": true,
            "Minimized": true,
            "StopsOnLastFrame": false,
            "DeactivateAfterKeyUp": false,
            "OnlyLoadOneRandomItem": false,
            "DeactivateAfterSeconds": false,
            "DeactivateAfterSecondsAmount": 10.0,
            "FadeSecondsAmount": 0.5,
            "OnScreenHotkeyColor": {
                "r": 1.0,
                "g": 1.0,
                "b": 1.0,
                "a": 1.0
            }
        },
        {
            "HotkeyID": "9d8d81393c6148aaa1f21410dac24212",
            "Name": "book",
            "Action": "ToggleExpression",
            "File": "book.exp3.json",
            "Folder": "",
            "Position": {
                "X": 0.0,
                "Y": 0.0,
                "Z": 0.0,
                "Rotation": 0.0
            },
            "ColorOverlay": {
                "On": false,
                "IsStaticColor": false,
                "Display": -1,
                "WindowName": "",
                "IncludeLeft": false,
                "IncludeMid": false,
                "IncludeRight": false,
                "BaseValue": 0,
                "OverlayValue": 0,
                "Smoothing": 0,
                "IncludeItems": false,
                "StaticColor": {
                    "r": 0.0,
                    "g": 0.0,
                    "b": 0.0,
                    "a": 1.0
                }
            },
            "ColorScreenMultiplyPreset": {
                "ArtMeshMultiplyAndScreenColors": []
            },
            "HandGestureSettings": {
                "GestureLeft": "",
                "GestureRight": "",
                "GestureCombinator": "AND",
                "AllowMirroredGesture": false,
                "DeactivateExpWhenGestureNotDetected": false,
                "SecondsUntilDetection": 0.5,
                "SecondsDetected": 0.0,
                "PercentDetected": 0.0
            },
            "LoadModelSettings": {
                "LoadAtCurrentPosition": true
            },
            "TwitchTriggers": {
                "Active": false,
                "CooldownActive": false,
                "CooldownSeconds": 30.0,
                "ResetActive": false,
                "HideModelResetDialog": false,
                "Active_GiftSubTrigger": false,
                "Active_BitTrigger": false,
                "Active_RedeemTrigger": false,
                "Active_TextCommandTrigger": false,
                "Active_SubTrigger": false,
                "Active_FollowTrigger": false,
                "Active_RaidTrigger": false,
                "Active_ShoutoutTrigger": false,
                "Active_AdbreakTrigger": false,
                "Trigger_TextCommandTrigger": "",
                "Trigger_Redeem_Name": "",
                "Trigger_Redeem_ID": "",
                "UseTextTriggerUserTypeRestriction": false,
                "RestrictTextTriggerTo": {
                    "Allowed_You": true,
                    "Allowed_Subs": false,
                    "Allowed_Mods": false,
                    "Allowed_VIPs": false,
                    "Allowed_Artists": false,
                    "Allowed_UserNames": false,
                    "UserNames": [],
                    "Allowed_UserIDs": false,
                    "UserIDs": []
                },
                "AllowRepeatedFollow": false,
                "Trigger_GiftSubTrigger": {
                    "Min": 1.0,
                    "Max": 100.0
                },
                "Trigger_BitTrigger": {
                    "Min": 100.0,
                    "Max": 3000.0
                }
            },
            "Triggers": {
                "Trigger1": "Space",
                "Trigger2": "N3",
                "Trigger3": "",
                "ScreenButton": -1
            },
            "IsGlobal": true,
            "IsActive": true,
            "Minimized": true,
            "StopsOnLastFrame": false,
            "DeactivateAfterKeyUp": false,
            "OnlyLoadOneRandomItem": false,
            "DeactivateAfterSeconds": false,
            "DeactivateAfterSecondsAmount": 10.0,
            "FadeSecondsAmount": 0.5,
            "OnScreenHotkeyColor": {
                "r": 1.0,
                "g": 1.0,
                "b": 1.0,
                "a": 1.0
            }
        },
        {
            "HotkeyID": "912eccf4faed4e21a131b9c16bc7ca83",
            "Name": "chips(no animation)",
            "Action": "ToggleExpression",
            "File": "chips.exp3.json",
            "Folder": "",
            "Position": {
                "X": 0.0,
                "Y": 0.0,
                "Z": 0.0,
                "Rotation": 0.0
            },
            "ColorOverlay": {
                "On": false,
                "IsStaticColor": false,
                "Display": -1,
                "WindowName": "",
                "IncludeLeft": false,
                "IncludeMid": false,
                "IncludeRight": false,
                "BaseValue": 0,
                "OverlayValue": 0,
                "Smoothing": 0,
                "IncludeItems": false,
                "StaticColor": {
                    "r": 0.0,
                    "g": 0.0,
                    "b": 0.0,
                    "a": 1.0
                }
            },
            "ColorScreenMultiplyPreset": {
                "ArtMeshMultiplyAndScreenColors": []
            },
            "HandGestureSettings": {
                "GestureLeft": "",
                "GestureRight": "",
                "GestureCombinator": "AND",
                "AllowMirroredGesture": false,
                "DeactivateExpWhenGestureNotDetected": false,
                "SecondsUntilDetection": 0.5,
                "SecondsDetected": 0.0,
                "PercentDetected": 0.0
            },
            "LoadModelSettings": {
                "LoadAtCurrentPosition": true
            },
            "TwitchTriggers": {
                "Active": false,
                "CooldownActive": false,
                "CooldownSeconds": 30.0,
                "ResetActive": false,
                "HideModelResetDialog": false,
                "Active_GiftSubTrigger": false,
                "Active_BitTrigger": false,
                "Active_RedeemTrigger": false,
                "Active_TextCommandTrigger": false,
                "Active_SubTrigger": false,
                "Active_FollowTrigger": false,
                "Active_RaidTrigger": false,
                "Active_ShoutoutTrigger": false,
                "Active_AdbreakTrigger": false,
                "Trigger_TextCommandTrigger": "",
                "Trigger_Redeem_Name": "",
                "Trigger_Redeem_ID": "",
                "UseTextTriggerUserTypeRestriction": false,
                "RestrictTextTriggerTo": {
                    "Allowed_You": true,
                    "Allowed_Subs": false,
                    "Allowed_Mods": false,
                    "Allowed_VIPs": false,
                    "Allowed_Artists": false,
                    "Allowed_UserNames": false,
                    "UserNames": [],
                    "Allowed_UserIDs": false,
                    "UserIDs": []
                },
                "AllowRepeatedFollow": false,
                "Trigger_GiftSubTrigger": {
                    "Min": 1.0,
                    "Max": 100.0
                },
                "Trigger_BitTrigger": {
                    "Min": 100.0,
                    "Max": 3000.0
                }
            },
            "Triggers": {
                "Trigger1": "N4",
                "Trigger2": "Space",
                "Trigger3": "",
                "ScreenButton": -1
            },
            "IsGlobal": true,
            "IsActive": true,
            "Minimized": true,
            "StopsOnLastFrame": false,
            "DeactivateAfterKeyUp": false,
            "OnlyLoadOneRandomItem": false,
            "DeactivateAfterSeconds": false,
            "DeactivateAfterSecondsAmount": 10.0,
            "FadeSecondsAmount": 0.5,
            "OnScreenHotkeyColor": {
                "r": 1.0,
                "g": 1.0,
                "b": 1.0,
                "a": 1.0
            }
        },
        {
            "HotkeyID": "f8b837acc0494029b258ffe522e3963a",
            "Name": "confusion",
            "Action": "ToggleExpression",
            "File": "confusion.exp3.json",
            "Folder": "",
            "Position": {
                "X": 0.0,
                "Y": 0.0,
                "Z": 0.0,
                "Rotation": 0.0
            },
            "ColorOverlay": {
                "On": false,
                "IsStaticColor": false,
                "Display": -1,
                "WindowName": "",
                "IncludeLeft": false,
                "IncludeMid": false,
                "IncludeRight": false,
                "BaseValue": 0,
                "OverlayValue": 0,
                "Smoothing": 0,
                "IncludeItems": false,
                "StaticColor": {
                    "r": 0.0,
                    "g": 0.0,
                    "b": 0.0,
                    "a": 1.0
                }
            },
            "ColorScreenMultiplyPreset": {
                "ArtMeshMultiplyAndScreenColors": []
            },
            "HandGestureSettings": {
                "GestureLeft": "",
                "GestureRight": "",
                "GestureCombinator": "AND",
                "AllowMirroredGesture": false,
                "DeactivateExpWhenGestureNotDetected": false,
                "SecondsUntilDetection": 0.5,
                "SecondsDetected": 0.0,
                "PercentDetected": 0.0
            },
            "LoadModelSettings": {
                "LoadAtCurrentPosition": true
            },
            "TwitchTriggers": {
                "Active": false,
                "CooldownActive": false,
                "CooldownSeconds": 30.0,
                "ResetActive": false,
                "HideModelResetDialog": false,
                "Active_GiftSubTrigger": false,
                "Active_BitTrigger": false,
                "Active_RedeemTrigger": false,
                "Active_TextCommandTrigger": false,
                "Active_SubTrigger": false,
                "Active_FollowTrigger": false,
                "Active_RaidTrigger": false,
                "Active_ShoutoutTrigger": false,
                "Active_AdbreakTrigger": false,
                "Trigger_TextCommandTrigger": "",
                "Trigger_Redeem_Name": "",
                "Trigger_Redeem_ID": "",
                "UseTextTriggerUserTypeRestriction": false,
                "RestrictTextTriggerTo": {
                    "Allowed_You": true,
                    "Allowed_Subs": false,
                    "Allowed_Mods": false,
                    "Allowed_VIPs": false,
                    "Allowed_Artists": false,
                    "Allowed_UserNames": false,
                    "UserNames": [],
                    "Allowed_UserIDs": false,
                    "UserIDs": []
                },
                "AllowRepeatedFollow": false,
                "Trigger_GiftSubTrigger": {
                    "Min": 1.0,
                    "Max": 100.0
                },
                "Trigger_BitTrigger": {
                    "Min": 100.0,
                    "Max": 3000.0
                }
            },
            "Triggers": {
                "Trigger1": "F8",
                "Trigger2": "",
                "Trigger3": "",
                "ScreenButton": -1
            },
            "IsGlobal": true,
            "IsActive": true,
            "Minimized": true,
            "StopsOnLastFrame": false,
            "DeactivateAfterKeyUp": false,
            "OnlyLoadOneRandomItem": false,
            "DeactivateAfterSeconds": false,
            "DeactivateAfterSecondsAmount": 10.0,
            "FadeSecondsAmount": 0.5,
            "OnScreenHotkeyColor": {
                "r": 1.0,
                "g": 1.0,
                "b": 1.0,
                "a": 1.0
            }
        },
        {
            "HotkeyID": "e4ec420f2d1c4dd297ee43b9dc421a16",
            "Name": "cry",
            "Action": "ToggleExpression",
            "File": "cry.exp3.json",
            "Folder": "",
            "Position": {
                "X": 0.0,
                "Y": 0.0,
                "Z": 0.0,
                "Rotation": 0.0
            },
            "ColorOverlay": {
                "On": false,
                "IsStaticColor": false,
                "Display": -1,
                "WindowName": "",
                "IncludeLeft": false,
                "IncludeMid": false,
                "IncludeRight": false,
                "BaseValue": 0,
                "OverlayValue": 0,
                "Smoothing": 0,
                "IncludeItems": false,
                "StaticColor": {
                    "r": 0.0,
                    "g": 0.0,
                    "b": 0.0,
                    "a": 1.0
                }
            },
            "ColorScreenMultiplyPreset": {
                "ArtMeshMultiplyAndScreenColors": []
            },
            "HandGestureSettings": {
                "GestureLeft": "",
                "GestureRight": "",
                "GestureCombinator": "AND",
                "AllowMirroredGesture": false,
                "DeactivateExpWhenGestureNotDetected": false,
                "SecondsUntilDetection": 0.5,
                "SecondsDetected": 0.0,
                "PercentDetected": 0.0
            },
            "LoadModelSettings": {
                "LoadAtCurrentPosition": true
            },
            "TwitchTriggers": {
                "Active": false,
                "CooldownActive": false,
                "CooldownSeconds": 30.0,
                "ResetActive": false,
                "HideModelResetDialog": false,
                "Active_GiftSubTrigger": false,
                "Active_BitTrigger": false,
                "Active_RedeemTrigger": false,
                "Active_TextCommandTrigger": false,
                "Active_SubTrigger": false,
                "Active_FollowTrigger": false,
                "Active_RaidTrigger": false,
                "Active_ShoutoutTrigger": false,
                "Active_AdbreakTrigger": false,
                "Trigger_TextCommandTrigger": "",
                "Trigger_Redeem_Name": "",
                "Trigger_Redeem_ID": "",
                "UseTextTriggerUserTypeRestriction": false,
                "RestrictTextTriggerTo": {
                    "Allowed_You": true,
                    "Allowed_Subs": false,
                    "Allowed_Mods": false,
                    "Allowed_VIPs": false,
                    "Allowed_Artists": false,
                    "Allowed_UserNames": false,
                    "UserNames": [],
                    "Allowed_UserIDs": false,
                    "UserIDs": []
                },
                "AllowRepeatedFollow": false,
                "Trigger_GiftSubTrigger": {
                    "Min": 1.0,
                    "Max": 100.0
                },
                "Trigger_BitTrigger": {
                    "Min": 100.0,
                    "Max": 3000.0
                }
            },
            "Triggers": {
                "Trigger1": "F7",
                "Trigger2": "",
                "Trigger3": "",
                "ScreenButton": -1
            },
            "IsGlobal": true,
            "IsActive": true,
            "Minimized": true,
            "StopsOnLastFrame": false,
            "DeactivateAfterKeyUp": false,
            "OnlyLoadOneRandomItem": false,
            "DeactivateAfterSeconds": false,
            "DeactivateAfterSecondsAmount": 10.0,
            "FadeSecondsAmount": 0.5,
            "OnScreenHotkeyColor": {
                "r": 1.0,
                "g": 1.0,
                "b": 1.0,
                "a": 1.0
            }
        },
        {
            "HotkeyID": "daadea2b8616434589d57144f67ccb53",
            "Name": "glass",
            "Action": "ToggleExpression",
            "File": "glass.exp3.json",
            "Folder": "",
            "Position": {
                "X": 0.0,
                "Y": 0.0,
                "Z": 0.0,
                "Rotation": 0.0
            },
            "ColorOverlay": {
                "On": false,
                "IsStaticColor": false,
                "Display": -1,
                "WindowName": "",
                "IncludeLeft": false,
                "IncludeMid": false,
                "IncludeRight": false,
                "BaseValue": 0,
                "OverlayValue": 0,
                "Smoothing": 0,
                "IncludeItems": false,
                "StaticColor": {
                    "r": 0.0,
                    "g": 0.0,
                    "b": 0.0,
                    "a": 1.0
                }
            },
            "ColorScreenMultiplyPreset": {
                "ArtMeshMultiplyAndScreenColors": []
            },
            "HandGestureSettings": {
                "GestureLeft": "",
                "GestureRight": "",
                "GestureCombinator": "AND",
                "AllowMirroredGesture": false,
                "DeactivateExpWhenGestureNotDetected": false,
                "SecondsUntilDetection": 0.5,
                "SecondsDetected": 0.0,
                "PercentDetected": 0.0
            },
            "LoadModelSettings": {
                "LoadAtCurrentPosition": true
            },
            "TwitchTriggers": {
                "Active": false,
                "CooldownActive": false,
                "CooldownSeconds": 30.0,
                "ResetActive": false,
                "HideModelResetDialog": false,
                "Active_GiftSubTrigger": false,
                "Active_BitTrigger": false,
                "Active_RedeemTrigger": false,
                "Active_TextCommandTrigger": false,
                "Active_SubTrigger": false,
                "Active_FollowTrigger": false,
                "Active_RaidTrigger": false,
                "Active_ShoutoutTrigger": false,
                "Active_AdbreakTrigger": false,
                "Trigger_TextCommandTrigger": "",
                "Trigger_Redeem_Name": "",
                "Trigger_Redeem_ID": "",
                "UseTextTriggerUserTypeRestriction": false,
                "RestrictTextTriggerTo": {
                    "Allowed_You": true,
                    "Allowed_Subs": false,
                    "Allowed_Mods": false,
                    "Allowed_VIPs": false,
                    "Allowed_Artists": false,
                    "Allowed_UserNames": false,
                    "UserNames": [],
                    "Allowed_UserIDs": false,
                    "UserIDs": []
                },
                "AllowRepeatedFollow": false,
                "Trigger_GiftSubTrigger": {
                    "Min": 1.0,
                    "Max": 100.0
                },
                "Trigger_BitTrigger": {
                    "Min": 100.0,
                    "Max": 3000.0
                }
            },
            "Triggers": {
                "Trigger1": "F6",
                "Trigger2": "",
                "Trigger3": "",
                "ScreenButton": -1
            },
            "IsGlobal": true,
            "IsActive": true,
            "Minimized": true,
            "StopsOnLastFrame": false,
            "DeactivateAfterKeyUp": false,
            "OnlyLoadOneRandomItem": false,
            "DeactivateAfterSeconds": false,
            "DeactivateAfterSecondsAmount": 10.0,
            "FadeSecondsAmount": 0.5,
            "OnScreenHotkeyColor": {
                "r": 1.0,
                "g": 1.0,
                "b": 1.0,
                "a": 1.0
            }
        },
        {
            "HotkeyID": "b5d6d9e1ebbc4e9285147512c3abf924",
            "Name": "hands up",
            "Action": "ToggleExpression",
            "File": "hands up.exp3.json",
            "Folder": "",
            "Position": {
                "X": 0.0,
                "Y": 0.0,
                "Z": 0.0,
                "Rotation": 0.0
            },
            "ColorOverlay": {
                "On": false,
                "IsStaticColor": false,
                "Display": -1,
                "WindowName": "",
                "IncludeLeft": false,
                "IncludeMid": false,
                "IncludeRight": false,
                "BaseValue": 0,
                "OverlayValue": 0,
                "Smoothing": 0,
                "IncludeItems": false,
                "StaticColor": {
                    "r": 0.0,
                    "g": 0.0,
                    "b": 0.0,
                    "a": 1.0
                }
            },
            "ColorScreenMultiplyPreset": {
                "ArtMeshMultiplyAndScreenColors": []
            },
            "HandGestureSettings": {
                "GestureLeft": "",
                "GestureRight": "",
                "GestureCombinator": "AND",
                "AllowMirroredGesture": false,
                "DeactivateExpWhenGestureNotDetected": false,
                "SecondsUntilDetection": 0.5,
                "SecondsDetected": 0.0,
                "PercentDetected": 0.0
            },
            "LoadModelSettings": {
                "LoadAtCurrentPosition": true
            },
            "TwitchTriggers": {
                "Active": false,
                "CooldownActive": false,
                "CooldownSeconds": 30.0,
                "ResetActive": false,
                "HideModelResetDialog": false,
                "Active_GiftSubTrigger": false,
                "Active_BitTrigger": false,
                "Active_RedeemTrigger": false,
                "Active_TextCommandTrigger": false,
                "Active_SubTrigger": false,
                "Active_FollowTrigger": false,
                "Active_RaidTrigger": false,
                "Active_ShoutoutTrigger": false,
                "Active_AdbreakTrigger": false,
                "Trigger_TextCommandTrigger": "",
                "Trigger_Redeem_Name": "",
                "Trigger_Redeem_ID": "",
                "UseTextTriggerUserTypeRestriction": false,
                "RestrictTextTriggerTo": {
                    "Allowed_You": true,
                    "Allowed_Subs": false,
                    "Allowed_Mods": false,
                    "Allowed_VIPs": false,
                    "Allowed_Artists": false,
                    "Allowed_UserNames": false,
                    "UserNames": [],
                    "Allowed_UserIDs": false,
                    "UserIDs": []
                },
                "AllowRepeatedFollow": false,
                "Trigger_GiftSubTrigger": {
                    "Min": 1.0,
                    "Max": 100.0
                },
                "Trigger_BitTrigger": {
                    "Min": 100.0,
                    "Max": 3000.0
                }
            },
            "Triggers": {
                "Trigger1": "Space",
                "Trigger2": "N5",
                "Trigger3": "",
                "ScreenButton": -1
            },
            "IsGlobal": true,
            "IsActive": true,
            "Minimized": true,
            "StopsOnLastFrame": false,
            "DeactivateAfterKeyUp": false,
            "OnlyLoadOneRandomItem": false,
            "DeactivateAfterSeconds": false,
            "DeactivateAfterSecondsAmount": 10.0,
            "FadeSecondsAmount": 0.30000001192092898,
            "OnScreenHotkeyColor": {
                "r": 1.0,
                "g": 1.0,
                "b": 1.0,
                "a": 1.0
            }
        },
        {
            "HotkeyID": "6771f3e008354191a1e9afc2951a20d9",
            "Name": "hands",
            "Action": "ToggleExpression",
            "File": "hands.exp3.json",
            "Folder": "",
            "Position": {
                "X": 0.0,
                "Y": 0.0,
                "Z": 0.0,
                "Rotation": 0.0
            },
            "ColorOverlay": {
                "On": false,
                "IsStaticColor": false,
                "Display": -1,
                "WindowName": "",
                "IncludeLeft": false,
                "IncludeMid": false,
                "IncludeRight": false,
                "BaseValue": 0,
                "OverlayValue": 0,
                "Smoothing": 0,
                "IncludeItems": false,
                "StaticColor": {
                    "r": 0.0,
                    "g": 0.0,
                    "b": 0.0,
                    "a": 1.0
                }
            },
            "ColorScreenMultiplyPreset": {
                "ArtMeshMultiplyAndScreenColors": []
            },
            "HandGestureSettings": {
                "GestureLeft": "",
                "GestureRight": "",
                "GestureCombinator": "AND",
                "AllowMirroredGesture": false,
                "DeactivateExpWhenGestureNotDetected": false,
                "SecondsUntilDetection": 0.5,
                "SecondsDetected": 0.0,
                "PercentDetected": 0.0
            },
            "LoadModelSettings": {
                "LoadAtCurrentPosition": true
            },
            "TwitchTriggers": {
                "Active": false,
                "CooldownActive": false,
                "CooldownSeconds": 30.0,
                "ResetActive": false,
                "HideModelResetDialog": false,
                "Active_GiftSubTrigger": false,
                "Active_BitTrigger": false,
                "Active_RedeemTrigger": false,
                "Active_TextCommandTrigger": false,
                "Active_SubTrigger": false,
                "Active_FollowTrigger": false,
                "Active_RaidTrigger": false,
                "Active_ShoutoutTrigger": false,
                "Active_AdbreakTrigger": false,
                "Trigger_TextCommandTrigger": "",
                "Trigger_Redeem_Name": "",
                "Trigger_Redeem_ID": "",
                "UseTextTriggerUserTypeRestriction": false,
                "RestrictTextTriggerTo": {
                    "Allowed_You": true,
                    "Allowed_Subs": false,
                    "Allowed_Mods": false,
                    "Allowed_VIPs": false,
                    "Allowed_Artists": false,
                    "Allowed_UserNames": false,
                    "UserNames": [],
                    "Allowed_UserIDs": false,
                    "UserIDs": []
                },
                "AllowRepeatedFollow": false,
                "Trigger_GiftSubTrigger": {
                    "Min": 1.0,
                    "Max": 100.0
                },
                "Trigger_BitTrigger": {
                    "Min": 100.0,
                    "Max": 3000.0
                }
            },
            "Triggers": {
                "Trigger1": "N6",
                "Trigger2": "Space",
                "Trigger3": "",
                "ScreenButton": -1
            },
            "IsGlobal": true,
            "IsActive": true,
            "Minimized": true,
            "StopsOnLastFrame": false,
            "DeactivateAfterKeyUp": false,
            "OnlyLoadOneRandomItem": false,
            "DeactivateAfterSeconds": false,
            "DeactivateAfterSecondsAmount": 10.0,
            "FadeSecondsAmount": 0.5,
            "OnScreenHotkeyColor": {
                "r": 1.0,
                "g": 1.0,
                "b": 1.0,
                "a": 1.0
            }
        },
        {
            "HotkeyID": "44d6a1dcc49942119dbd9718079705b5",
            "Name": "iphone light",
            "Action": "ToggleExpression",
            "File": "iphone light.exp3.json",
            "Folder": "",
            "Position": {
                "X": 0.0,
                "Y": 0.0,
                "Z": 0.0,
                "Rotation": 0.0
            },
            "ColorOverlay": {
                "On": false,
                "IsStaticColor": false,
                "Display": -1,
                "WindowName": "",
                "IncludeLeft": false,
                "IncludeMid": false,
                "IncludeRight": false,
                "BaseValue": 0,
                "OverlayValue": 0,
                "Smoothing": 0,
                "IncludeItems": false,
                "StaticColor": {
                    "r": 0.0,
                    "g": 0.0,
                    "b": 0.0,
                    "a": 1.0
                }
            },
            "ColorScreenMultiplyPreset": {
                "ArtMeshMultiplyAndScreenColors": []
            },
            "HandGestureSettings": {
                "GestureLeft": "",
                "GestureRight": "",
                "GestureCombinator": "AND",
                "AllowMirroredGesture": false,
                "DeactivateExpWhenGestureNotDetected": false,
                "SecondsUntilDetection": 0.5,
                "SecondsDetected": 0.0,
                "PercentDetected": 0.0
            },
            "LoadModelSettings": {
                "LoadAtCurrentPosition": true
            },
            "TwitchTriggers": {
                "Active": false,
                "CooldownActive": false,
                "CooldownSeconds": 30.0,
                "ResetActive": false,
                "HideModelResetDialog": false,
                "Active_GiftSubTrigger": false,
                "Active_BitTrigger": false,
                "Active_RedeemTrigger": false,
                "Active_TextCommandTrigger": false,
                "Active_SubTrigger": false,
                "Active_FollowTrigger": false,
                "Active_RaidTrigger": false,
                "Active_ShoutoutTrigger": false,
                "Active_AdbreakTrigger": false,
                "Trigger_TextCommandTrigger": "",
                "Trigger_Redeem_Name": "",
                "Trigger_Redeem_ID": "",
                "UseTextTriggerUserTypeRestriction": false,
                "RestrictTextTriggerTo": {
                    "Allowed_You": true,
                    "Allowed_Subs": false,
                    "Allowed_Mods": false,
                    "Allowed_VIPs": false,
                    "Allowed_Artists": false,
                    "Allowed_UserNames": false,
                    "UserNames": [],
                    "Allowed_UserIDs": false,
                    "UserIDs": []
                },
                "AllowRepeatedFollow": false,
                "Trigger_GiftSubTrigger": {
                    "Min": 1.0,
                    "Max": 100.0
                },
                "Trigger_BitTrigger": {
                    "Min": 100.0,
                    "Max": 3000.0
                }
            },
            "Triggers": {
                "Trigger1": "N7",
                "Trigger2": "Space",
                "Trigger3": "",
                "ScreenButton": -1
            },
            "IsGlobal": true,
            "IsActive": true,
            "Minimized": true,
            "StopsOnLastFrame": false,
            "DeactivateAfterKeyUp": false,
            "OnlyLoadOneRandomItem": false,
            "DeactivateAfterSeconds": false,
            "DeactivateAfterSecondsAmount": 10.0,
            "FadeSecondsAmount": 0.009999999776482582,
            "OnScreenHotkeyColor": {
                "r": 1.0,
                "g": 1.0,
                "b": 1.0,
                "a": 1.0
            }
        },
        {
            "HotkeyID": "70e5aa1e60304f018ea8e976ea580274",
            "Name": "iphone",
            "Action": "ToggleExpression",
            "File": "iphone.exp3.json",
            "Folder": "",
            "Position": {
                "X": 0.0,
                "Y": 0.0,
                "Z": 0.0,
                "Rotation": 0.0
            },
            "ColorOverlay": {
                "On": false,
                "IsStaticColor": false,
                "Display": -1,
                "WindowName": "",
                "IncludeLeft": false,
                "IncludeMid": false,
                "IncludeRight": false,
                "BaseValue": 0,
                "OverlayValue": 0,
                "Smoothing": 0,
                "IncludeItems": false,
                "StaticColor": {
                    "r": 0.0,
                    "g": 0.0,
                    "b": 0.0,
                    "a": 1.0
                }
            },
            "ColorScreenMultiplyPreset": {
                "ArtMeshMultiplyAndScreenColors": []
            },
            "HandGestureSettings": {
                "GestureLeft": "",
                "GestureRight": "",
                "GestureCombinator": "AND",
                "AllowMirroredGesture": false,
                "DeactivateExpWhenGestureNotDetected": false,
                "SecondsUntilDetection": 0.5,
                "SecondsDetected": 0.0,
                "PercentDetected": 0.0
            },
            "LoadModelSettings": {
                "LoadAtCurrentPosition": true
            },
            "TwitchTriggers": {
                "Active": false,
                "CooldownActive": false,
                "CooldownSeconds": 30.0,
                "ResetActive": false,
                "HideModelResetDialog": false,
                "Active_GiftSubTrigger": false,
                "Active_BitTrigger": false,
                "Active_RedeemTrigger": false,
                "Active_TextCommandTrigger": false,
                "Active_SubTrigger": false,
                "Active_FollowTrigger": false,
                "Active_RaidTrigger": false,
                "Active_ShoutoutTrigger": false,
                "Active_AdbreakTrigger": false,
                "Trigger_TextCommandTrigger": "",
                "Trigger_Redeem_Name": "",
                "Trigger_Redeem_ID": "",
                "UseTextTriggerUserTypeRestriction": false,
                "RestrictTextTriggerTo": {
                    "Allowed_You": true,
                    "Allowed_Subs": false,
                    "Allowed_Mods": false,
                    "Allowed_VIPs": false,
                    "Allowed_Artists": false,
                    "Allowed_UserNames": false,
                    "UserNames": [],
                    "Allowed_UserIDs": false,
                    "UserIDs": []
                },
                "AllowRepeatedFollow": false,
                "Trigger_GiftSubTrigger": {
                    "Min": 1.0,
                    "Max": 100.0
                },
                "Trigger_BitTrigger": {
                    "Min": 100.0,
                    "Max": 3000.0
                }
            },
            "Triggers": {
                "Trigger1": "N8",
                "Trigger2": "Space",
                "Trigger3": "",
                "ScreenButton": -1
            },
            "IsGlobal": true,
            "IsActive": true,
            "Minimized": true,
            "StopsOnLastFrame": false,
            "DeactivateAfterKeyUp": false,
            "OnlyLoadOneRandomItem": false,
            "DeactivateAfterSeconds": false,
            "DeactivateAfterSecondsAmount": 10.0,
            "FadeSecondsAmount": 0.5,
            "OnScreenHotkeyColor": {
                "r": 1.0,
                "g": 1.0,
                "b": 1.0,
                "a": 1.0
            }
        },
        {
            "HotkeyID": "52b977d8317146acb9b5ff911f44b21a",
            "Name": "foot kick",
            "Action": "ToggleExpression",
            "File": "kick.exp3.json",
            "Folder": "",
            "Position": {
                "X": 0.0,
                "Y": 0.0,
                "Z": 0.0,
                "Rotation": 0.0
            },
            "ColorOverlay": {
                "On": false,
                "IsStaticColor": false,
                "Display": -1,
                "WindowName": "",
                "IncludeLeft": false,
                "IncludeMid": false,
                "IncludeRight": false,
                "BaseValue": 0,
                "OverlayValue": 0,
                "Smoothing": 0,
                "IncludeItems": false,
                "StaticColor": {
                    "r": 0.0,
                    "g": 0.0,
                    "b": 0.0,
                    "a": 1.0
                }
            },
            "ColorScreenMultiplyPreset": {
                "ArtMeshMultiplyAndScreenColors": []
            },
            "HandGestureSettings": {
                "GestureLeft": "",
                "GestureRight": "",
                "GestureCombinator": "AND",
                "AllowMirroredGesture": false,
                "DeactivateExpWhenGestureNotDetected": false,
                "SecondsUntilDetection": 0.5,
                "SecondsDetected": 0.0,
                "PercentDetected": 0.0
            },
            "LoadModelSettings": {
                "LoadAtCurrentPosition": true
            },
            "TwitchTriggers": {
                "Active": false,
                "CooldownActive": false,
                "CooldownSeconds": 30.0,
                "ResetActive": false,
                "HideModelResetDialog": false,
                "Active_GiftSubTrigger": false,
                "Active_BitTrigger": false,
                "Active_RedeemTrigger": false,
                "Active_TextCommandTrigger": false,
                "Active_SubTrigger": false,
                "Active_FollowTrigger": false,
                "Active_RaidTrigger": false,
                "Active_ShoutoutTrigger": false,
                "Active_AdbreakTrigger": false,
                "Trigger_TextCommandTrigger": "",
                "Trigger_Redeem_Name": "",
                "Trigger_Redeem_ID": "",
                "UseTextTriggerUserTypeRestriction": false,
                "RestrictTextTriggerTo": {
                    "Allowed_You": true,
                    "Allowed_Subs": false,
                    "Allowed_Mods": false,
                    "Allowed_VIPs": false,
                    "Allowed_Artists": false,
                    "Allowed_UserNames": false,
                    "UserNames": [],
                    "Allowed_UserIDs": false,
                    "UserIDs": []
                },
                "AllowRepeatedFollow": false,
                "Trigger_GiftSubTrigger": {
                    "Min": 1.0,
                    "Max": 100.0
                },
                "Trigger_BitTrigger": {
                    "Min": 100.0,
                    "Max": 3000.0
                }
            },
            "Triggers": {
                "Trigger1": "Z",
                "Trigger2": "Space",
                "Trigger3": "",
                "ScreenButton": -1
            },
            "IsGlobal": true,
            "IsActive": true,
            "Minimized": true,
            "StopsOnLastFrame": false,
            "DeactivateAfterKeyUp": false,
            "OnlyLoadOneRandomItem": false,
            "DeactivateAfterSeconds": false,
            "DeactivateAfterSecondsAmount": 10.0,
            "FadeSecondsAmount": 0.5,
            "OnScreenHotkeyColor": {
                "r": 1.0,
                "g": 1.0,
                "b": 1.0,
                "a": 1.0
            }
        },
        {
            "HotkeyID": "e25d6dfe1597458c893d6aa71db6c79f",
            "Name": "mimi",
            "Action": "ToggleExpression",
            "File": "mimi.exp3.json",
            "Folder": "",
            "Position": {
                "X": 0.0,
                "Y": 0.0,
                "Z": 0.0,
                "Rotation": 0.0
            },
            "ColorOverlay": {
                "On": false,
                "IsStaticColor": false,
                "Display": -1,
                "WindowName": "",
                "IncludeLeft": false,
                "IncludeMid": false,
                "IncludeRight": false,
                "BaseValue": 0,
                "OverlayValue": 0,
                "Smoothing": 0,
                "IncludeItems": false,
                "StaticColor": {
                    "r": 0.0,
                    "g": 0.0,
                    "b": 0.0,
                    "a": 1.0
                }
            },
            "ColorScreenMultiplyPreset": {
                "ArtMeshMultiplyAndScreenColors": []
            },
            "HandGestureSettings": {
                "GestureLeft": "",
                "GestureRight": "",
                "GestureCombinator": "AND",
                "AllowMirroredGesture": false,
                "DeactivateExpWhenGestureNotDetected": false,
                "SecondsUntilDetection": 0.5,
                "SecondsDetected": 0.0,
                "PercentDetected": 0.0
            },
            "LoadModelSettings": {
                "LoadAtCurrentPosition": true
            },
            "TwitchTriggers": {
                "Active": false,
                "CooldownActive": false,
                "CooldownSeconds": 30.0,
                "ResetActive": false,
                "HideModelResetDialog": false,
                "Active_GiftSubTrigger": false,
                "Active_BitTrigger": false,
                "Active_RedeemTrigger": false,
                "Active_TextCommandTrigger": false,
                "Active_SubTrigger": false,
                "Active_FollowTrigger": false,
                "Active_RaidTrigger": false,
                "Active_ShoutoutTrigger": false,
                "Active_AdbreakTrigger": false,
                "Trigger_TextCommandTrigger": "",
                "Trigger_Redeem_Name": "",
                "Trigger_Redeem_ID": "",
                "UseTextTriggerUserTypeRestriction": false,
                "RestrictTextTriggerTo": {
                    "Allowed_You": true,
                    "Allowed_Subs": false,
                    "Allowed_Mods": false,
                    "Allowed_VIPs": false,
                    "Allowed_Artists": false,
                    "Allowed_UserNames": false,
                    "UserNames": [],
                    "Allowed_UserIDs": false,
                    "UserIDs": []
                },
                "AllowRepeatedFollow": false,
                "Trigger_GiftSubTrigger": {
                    "Min": 1.0,
                    "Max": 100.0
                },
                "Trigger_BitTrigger": {
                    "Min": 100.0,
                    "Max": 3000.0
                }
            },
            "Triggers": {
                "Trigger1": "F1",
                "Trigger2": "",
                "Trigger3": "",
                "ScreenButton": -1
            },
            "IsGlobal": true,
            "IsActive": true,
            "Minimized": true,
            "StopsOnLastFrame": false,
            "DeactivateAfterKeyUp": false,
            "OnlyLoadOneRandomItem": false,
            "DeactivateAfterSeconds": false,
            "DeactivateAfterSecondsAmount": 10.0,
            "FadeSecondsAmount": 0.5,
            "OnScreenHotkeyColor": {
                "r": 1.0,
                "g": 1.0,
                "b": 1.0,
                "a": 1.0
            }
        },
        {
            "HotkeyID": "8c863213349643e69b64b96cf4539b96",
            "Name": "O O",
            "Action": "ToggleExpression",
            "File": "O O.exp3.json",
            "Folder": "",
            "Position": {
                "X": 0.0,
                "Y": 0.0,
                "Z": 0.0,
                "Rotation": 0.0
            },
            "ColorOverlay": {
                "On": false,
                "IsStaticColor": false,
                "Display": -1,
                "WindowName": "",
                "IncludeLeft": false,
                "IncludeMid": false,
                "IncludeRight": false,
                "BaseValue": 0,
                "OverlayValue": 0,
                "Smoothing": 0,
                "IncludeItems": false,
                "StaticColor": {
                    "r": 0.0,
                    "g": 0.0,
                    "b": 0.0,
                    "a": 1.0
                }
            },
            "ColorScreenMultiplyPreset": {
                "ArtMeshMultiplyAndScreenColors": []
            },
            "HandGestureSettings": {
                "GestureLeft": "",
                "GestureRight": "",
                "GestureCombinator": "AND",
                "AllowMirroredGesture": false,
                "DeactivateExpWhenGestureNotDetected": false,
                "SecondsUntilDetection": 0.5,
                "SecondsDetected": 0.0,
                "PercentDetected": 0.0
            },
            "LoadModelSettings": {
                "LoadAtCurrentPosition": true
            },
            "TwitchTriggers": {
                "Active": false,
                "CooldownActive": false,
                "CooldownSeconds": 30.0,
                "ResetActive": false,
                "HideModelResetDialog": false,
                "Active_GiftSubTrigger": false,
                "Active_BitTrigger": false,
                "Active_RedeemTrigger": false,
                "Active_TextCommandTrigger": false,
                "Active_SubTrigger": false,
                "Active_FollowTrigger": false,
                "Active_RaidTrigger": false,
                "Active_ShoutoutTrigger": false,
                "Active_AdbreakTrigger": false,
                "Trigger_TextCommandTrigger": "",
                "Trigger_Redeem_Name": "",
                "Trigger_Redeem_ID": "",
                "UseTextTriggerUserTypeRestriction": false,
                "RestrictTextTriggerTo": {
                    "Allowed_You": true,
                    "Allowed_Subs": false,
                    "Allowed_Mods": false,
                    "Allowed_VIPs": false,
                    "Allowed_Artists": false,
                    "Allowed_UserNames": false,
                    "UserNames": [],
                    "Allowed_UserIDs": false,
                    "UserIDs": []
                },
                "AllowRepeatedFollow": false,
                "Trigger_GiftSubTrigger": {
                    "Min": 1.0,
                    "Max": 100.0
                },
                "Trigger_BitTrigger": {
                    "Min": 100.0,
                    "Max": 3000.0
                }
            },
            "Triggers": {
                "Trigger1": "F2",
                "Trigger2": "",
                "Trigger3": "",
                "ScreenButton": -1
            },
            "IsGlobal": true,
            "IsActive": true,
            "Minimized": true,
            "StopsOnLastFrame": false,
            "DeactivateAfterKeyUp": false,
            "OnlyLoadOneRandomItem": false,
            "DeactivateAfterSeconds": false,
            "DeactivateAfterSecondsAmount": 10.0,
            "FadeSecondsAmount": 0.5,
            "OnScreenHotkeyColor": {
                "r": 1.0,
                "g": 1.0,
                "b": 1.0,
                "a": 1.0
            }
        },
        {
            "HotkeyID": "9396905719224086a41fff735cfd5428",
            "Name": "peas eyes",
            "Action": "ToggleExpression",
            "File": "peas eyes.exp3.json",
            "Folder": "",
            "Position": {
                "X": 0.0,
                "Y": 0.0,
                "Z": 0.0,
                "Rotation": 0.0
            },
            "ColorOverlay": {
                "On": false,
                "IsStaticColor": false,
                "Display": -1,
                "WindowName": "",
                "IncludeLeft": false,
                "IncludeMid": false,
                "IncludeRight": false,
                "BaseValue": 0,
                "OverlayValue": 0,
                "Smoothing": 0,
                "IncludeItems": false,
                "StaticColor": {
                    "r": 0.0,
                    "g": 0.0,
                    "b": 0.0,
                    "a": 1.0
                }
            },
            "ColorScreenMultiplyPreset": {
                "ArtMeshMultiplyAndScreenColors": []
            },
            "HandGestureSettings": {
                "GestureLeft": "",
                "GestureRight": "",
                "GestureCombinator": "AND",
                "AllowMirroredGesture": false,
                "DeactivateExpWhenGestureNotDetected": false,
                "SecondsUntilDetection": 0.5,
                "SecondsDetected": 0.0,
                "PercentDetected": 0.0
            },
            "LoadModelSettings": {
                "LoadAtCurrentPosition": true
            },
            "TwitchTriggers": {
                "Active": false,
                "CooldownActive": false,
                "CooldownSeconds": 30.0,
                "ResetActive": false,
                "HideModelResetDialog": false,
                "Active_GiftSubTrigger": false,
                "Active_BitTrigger": false,
                "Active_RedeemTrigger": false,
                "Active_TextCommandTrigger": false,
                "Active_SubTrigger": false,
                "Active_FollowTrigger": false,
                "Active_RaidTrigger": false,
                "Active_ShoutoutTrigger": false,
                "Active_AdbreakTrigger": false,
                "Trigger_TextCommandTrigger": "",
                "Trigger_Redeem_Name": "",
                "Trigger_Redeem_ID": "",
                "UseTextTriggerUserTypeRestriction": false,
                "RestrictTextTriggerTo": {
                    "Allowed_You": true,
                    "Allowed_Subs": false,
                    "Allowed_Mods": false,
                    "Allowed_VIPs": false,
                    "Allowed_Artists": false,
                    "Allowed_UserNames": false,
                    "UserNames": [],
                    "Allowed_UserIDs": false,
                    "UserIDs": []
                },
                "AllowRepeatedFollow": false,
                "Trigger_GiftSubTrigger": {
                    "Min": 1.0,
                    "Max": 100.0
                },
                "Trigger_BitTrigger": {
                    "Min": 100.0,
                    "Max": 3000.0
                }
            },
            "Triggers": {
                "Trigger1": "F3",
                "Trigger2": "",
                "Trigger3": "",
                "ScreenButton": -1
            },
            "IsGlobal": true,
            "IsActive": true,
            "Minimized": true,
            "StopsOnLastFrame": false,
            "DeactivateAfterKeyUp": false,
            "OnlyLoadOneRandomItem": false,
            "DeactivateAfterSeconds": false,
            "DeactivateAfterSecondsAmount": 10.0,
            "FadeSecondsAmount": 0.5,
            "OnScreenHotkeyColor": {
                "r": 1.0,
                "g": 1.0,
                "b": 1.0,
                "a": 1.0
            }
        },
        {
            "HotkeyID": "a01dc9ad959044c5a9a6b8d8b0a2cc11",
            "Name": "tearful",
            "Action": "ToggleExpression",
            "File": "tearful.exp3.json",
            "Folder": "",
            "Position": {
                "X": 0.0,
                "Y": 0.0,
                "Z": 0.0,
                "Rotation": 0.0
            },
            "ColorOverlay": {
                "On": false,
                "IsStaticColor": false,
                "Display": -1,
                "WindowName": "",
                "IncludeLeft": false,
                "IncludeMid": false,
                "IncludeRight": false,
                "BaseValue": 0,
                "OverlayValue": 0,
                "Smoothing": 0,
                "IncludeItems": false,
                "StaticColor": {
                    "r": 0.0,
                    "g": 0.0,
                    "b": 0.0,
                    "a": 1.0
                }
            },
            "ColorScreenMultiplyPreset": {
                "ArtMeshMultiplyAndScreenColors": []
            },
            "HandGestureSettings": {
                "GestureLeft": "",
                "GestureRight": "",
                "GestureCombinator": "AND",
                "AllowMirroredGesture": false,
                "DeactivateExpWhenGestureNotDetected": false,
                "SecondsUntilDetection": 0.5,
                "SecondsDetected": 0.0,
                "PercentDetected": 0.0
            },
            "LoadModelSettings": {
                "LoadAtCurrentPosition": true
            },
            "TwitchTriggers": {
                "Active": false,
                "CooldownActive": false,
                "CooldownSeconds": 30.0,
                "ResetActive": false,
                "HideModelResetDialog": false,
                "Active_GiftSubTrigger": false,
                "Active_BitTrigger": false,
                "Active_RedeemTrigger": false,
                "Active_TextCommandTrigger": false,
                "Active_SubTrigger": false,
                "Active_FollowTrigger": false,
                "Active_RaidTrigger": false,
                "Active_ShoutoutTrigger": false,
                "Active_AdbreakTrigger": false,
                "Trigger_TextCommandTrigger": "",
                "Trigger_Redeem_Name": "",
                "Trigger_Redeem_ID": "",
                "UseTextTriggerUserTypeRestriction": false,
                "RestrictTextTriggerTo": {
                    "Allowed_You": true,
                    "Allowed_Subs": false,
                    "Allowed_Mods": false,
                    "Allowed_VIPs": false,
                    "Allowed_Artists": false,
                    "Allowed_UserNames": false,
                    "UserNames": [],
                    "Allowed_UserIDs": false,
                    "UserIDs": []
                },
                "AllowRepeatedFollow": false,
                "Trigger_GiftSubTrigger": {
                    "Min": 1.0,
                    "Max": 100.0
                },
                "Trigger_BitTrigger": {
                    "Min": 100.0,
                    "Max": 3000.0
                }
            },
            "Triggers": {
                "Trigger1": "F4",
                "Trigger2": "",
                "Trigger3": "",
                "ScreenButton": -1
            },
            "IsGlobal": true,
            "IsActive": true,
            "Minimized": true,
            "StopsOnLastFrame": false,
            "DeactivateAfterKeyUp": false,
            "OnlyLoadOneRandomItem": false,
            "DeactivateAfterSeconds": false,
            "DeactivateAfterSecondsAmount": 10.0,
            "FadeSecondsAmount": 0.5,
            "OnScreenHotkeyColor": {
                "r": 1.0,
                "g": 1.0,
                "b": 1.0,
                "a": 1.0
            }
        },
        {
            "HotkeyID": "ac17e41d32fa48748da163deaaf1ed76",
            "Name": "write",
            "Action": "ToggleExpression",
            "File": "write.exp3.json",
            "Folder": "",
            "Position": {
                "X": 0.0,
                "Y": 0.0,
                "Z": 0.0,
                "Rotation": 0.0
            },
            "ColorOverlay": {
                "On": false,
                "IsStaticColor": false,
                "Display": -1,
                "WindowName": "",
                "IncludeLeft": false,
                "IncludeMid": false,
                "IncludeRight": false,
                "BaseValue": 0,
                "OverlayValue": 0,
                "Smoothing": 0,
                "IncludeItems": false,
                "StaticColor": {
                    "r": 0.0,
                    "g": 0.0,
                    "b": 0.0,
                    "a": 1.0
                }
            },
            "ColorScreenMultiplyPreset": {
                "ArtMeshMultiplyAndScreenColors": []
            },
            "HandGestureSettings": {
                "GestureLeft": "",
                "GestureRight": "",
                "GestureCombinator": "AND",
                "AllowMirroredGesture": false,
                "DeactivateExpWhenGestureNotDetected": false,
                "SecondsUntilDetection": 0.5,
                "SecondsDetected": 0.0,
                "PercentDetected": 0.0
            },
            "LoadModelSettings": {
                "LoadAtCurrentPosition": true
            },
            "TwitchTriggers": {
                "Active": false,
                "CooldownActive": false,
                "CooldownSeconds": 30.0,
                "ResetActive": false,
                "HideModelResetDialog": false,
                "Active_GiftSubTrigger": false,
                "Active_BitTrigger": false,
                "Active_RedeemTrigger": false,
                "Active_TextCommandTrigger": false,
                "Active_SubTrigger": false,
                "Active_FollowTrigger": false,
                "Active_RaidTrigger": false,
                "Active_ShoutoutTrigger": false,
                "Active_AdbreakTrigger": false,
                "Trigger_TextCommandTrigger": "",
                "Trigger_Redeem_Name": "",
                "Trigger_Redeem_ID": "",
                "UseTextTriggerUserTypeRestriction": false,
                "RestrictTextTriggerTo": {
                    "Allowed_You": true,
                    "Allowed_Subs": false,
                    "Allowed_Mods": false,
                    "Allowed_VIPs": false,
                    "Allowed_Artists": false,
                    "Allowed_UserNames": false,
                    "UserNames": [],
                    "Allowed_UserIDs": false,
                    "UserIDs": []
                },
                "AllowRepeatedFollow": false,
                "Trigger_GiftSubTrigger": {
                    "Min": 1.0,
                    "Max": 100.0
                },
                "Trigger_BitTrigger": {
                    "Min": 100.0,
                    "Max": 3000.0
                }
            },
            "Triggers": {
                "Trigger1": "F5",
                "Trigger2": "",
                "Trigger3": "",
                "ScreenButton": -1
            },
            "IsGlobal": true,
            "IsActive": true,
            "Minimized": true,
            "StopsOnLastFrame": false,
            "DeactivateAfterKeyUp": true,
            "OnlyLoadOneRandomItem": false,
            "DeactivateAfterSeconds": false,
            "DeactivateAfterSecondsAmount": 10.0,
            "FadeSecondsAmount": 0.10000000149011612,
            "OnScreenHotkeyColor": {
                "r": 1.0,
                "g": 1.0,
                "b": 1.0,
                "a": 1.0
            }
        }
    ],
    "HotkeySettings": {
        "UseOnScreenHotkeys": false,
        "UseKeyboardHotkeys": true,
        "SendOnScreenHotkeysToPC": true,
        "OnScreenHotkeyAlpha": 75
    },
    "ArtMeshDetails": {
        "ArtMeshesExcludedFromPinning": [],
        "ArtMeshesThatDeleteItemsOnDrop": [],
        "ArtMeshSceneLightingMultipliers": [],
        "ArtMeshMultiplyAndScreenColors": []
    },
    "ParameterCustomization": {
        "ParametersExcludedFromVNetSmoothing": []
    },
    "PhysicsCustomizationSettings": {
        "PhysicsMultipliersPerPhysicsGroup": [],
        "WindMultipliersPerPhysicsGroup": [],
        "DraggingPhysicsMultipliersPerPhysicsGroup": []
    },
    "FolderInfo": {
        "HotkeyFolders": [],
        "ConfigItemFolders": []
    },
    "SavedActiveExpressions": []
}