{
	"Version": 3,
	"Meta": {
		"Duration": 4,
		"Fps": 60.0,
		"Loop": true,
		"AreBeziersRestricted": false,
		"CurveCount": 8,
		"TotalSegmentCount": 36,
		"TotalPointCount": 82,
		"UserDataCount": 0,
		"TotalUserDataSize": 0
	},
	"Curves": [
		{
			"Target": "Parameter",
			"Id": "Param7",
			"Segments": [
				0,
				0,
				0,
				1,
				1,
				0,
				2,
				0,
				0,
				3,
				1,
				0,
				4,
				0
			]
		},
		{
			"Target": "Parameter",
			"Id": "Param74",
			"Segments": [
				0,
				0,
				0,
				1.5,
				0,
				0,
				2,
				1,
				0,
				4,
				1
			]
		},
		{
			"Target": "Parameter",
			"Id": "Param83",
			"Segments": [
				0,
				0,
				0,
				1,
				360,
				0,
				2,
				720,
				0,
				3,
				1080,
				0,
				4,
				1440
			]
		},
		{
			"Target": "Parameter",
			"Id": "Param85",
			"Segments": [
				0,
				-1,
				1,
				0.167,
				-1,
				0.333,
				1,
				0.5,
				1,
				1,
				0.667,
				1,
				0.833,
				-1,
				1,
				-1,
				1,
				1.167,
				-1,
				1.333,
				1,
				1.5,
				1,
				1,
				1.667,
				1,
				1.833,
				-1,
				2,
				-1,
				1,
				2.167,
				-1,
				2.333,
				1,
				2.5,
				1,
				1,
				2.667,
				1,
				2.833,
				-1,
				3,
				-1,
				1,
				3.167,
				-1,
				3.333,
				1,
				3.5,
				1,
				1,
				3.667,
				1,
				3.833,
				-1,
				4,
				-1
			]
		},
		{
			"Target": "Parameter",
			"Id": "Param86",
			"Segments": [
				0,
				-0.724,
				1,
				0.039,
				-0.891,
				0.078,
				-1,
				0.117,
				-1,
				1,
				0.283,
				-1,
				0.45,
				1,
				0.617,
				1,
				1,
				0.783,
				1,
				0.95,
				-1,
				1.117,
				-1,
				1,
				1.283,
				-1,
				1.45,
				1,
				1.617,
				1,
				1,
				1.783,
				1,
				1.95,
				-1,
				2.117,
				-1,
				1,
				2.283,
				-1,
				2.45,
				1,
				2.617,
				1,
				1,
				2.783,
				1,
				2.95,
				-1,
				3.117,
				-1,
				1,
				3.283,
				-1,
				3.45,
				1,
				3.617,
				1,
				1,
				3.744,
				1,
				3.872,
				-0.176,
				4,
				-0.724
			]
		},
		{
			"Target": "Parameter",
			"Id": "Param87",
			"Segments": [
				0,
				0,
				0,
				1,
				1,
				0,
				2,
				2,
				0,
				2.967,
				3,
				0,
				4,
				4
			]
		},
		{
			"Target": "Parameter",
			"Id": "Param89",
			"Segments": [
				0,
				1,
				1,
				0.667,
				1,
				1.333,
				-1,
				2,
				-1,
				1,
				2.667,
				-1,
				3.333,
				1,
				4,
				1
			]
		},
		{
			"Target": "Parameter",
			"Id": "Param90",
			"Segments": [
				0,
				0,
				0,
				2,
				1,
				0,
				4,
				2
			]
		}
	]
}